match,name,subregion,region,icon
------,------,------,MONDSTADT,------
------,------,MONDSTADT-CITY,Mondstadt,------
mondstadt city,Mondstadt City,Mondstadt City,Mondstadt,area_mondstadt
cathedral of favonius,Cathedral of Favonius,Mondstadt City,Mondstadt,emblem_mondstadt
favonius cathedral,Favonius Cathedral,Mondstadt City,Mondstadt,emblem_mondstadt
knights of favonius headquarters,Knights of Favonius Headquarters,Mondstadt City,Mondstadt,emblem_mondstadt
good hunter,Good Hunter Restaurant,Mondstadt City,Mondstadt,emblem_mondstadt
angels share,Angel's Share Tavern,Mondstadt City,Mondstadt,emblem_mondstadt
with wind comes glory,With Wind Comes Glory,Mondstadt City,Mondstadt,emblem_mondstadt
------,------,MONDSTADT-BRIGHT,MONDSTADT,------
brightcrown mountains,Brightcrown Mountains,Brightcrown Mountains,Mondstadt,emblem_mondstadt
brightcrown canyon,Brightcrown Canyon,Brightcrown Mountains,Mondstadt,area_bright_crown_canyon
stormterror's lair,Stormterror's Lair,Brightcrown Mountains,Mondstadt,area_stormterror
------,------,MONDSTADT-GALE,MONDSTADT,------
galesong hill,Galesong Hill,Galesong Hill,Mondstadt,emblem_mondstadt
cape oath,Cape Oath,Galesong Hill,Mondstadt,emblem_mondstadt
dadaupa gorge,Dadaupa Gorge,Galesong Hill,Mondstadt,area_daupa_gorge
falcon coast,Falcon Coast,Galesong Hill,Mondstadt,emblem_mondstadt
musk reef,Musk Reef,Galesong Hill,Mondstadt,area_muskreef
windrise,Windrise,Galesong Hill,Mondstadt,area_windrise
------,------,MONDSTADT-STAR,MONDSTADT,------
starfell valley,Starfell Valley,Starfell Valley,Mondstadt,emblem_mondstadt
cider lake,Cider Lake,Starfell Valley,Mondstadt,area_ciderlake
mondstadt,Mondstadt,Starfell Valley,Mondstadt,area_mondstadt
starfell lake,Starfell Lake,Starfell Valley,Mondstadt,area_starfell_lake
starsnatch cliff,Starsnatch Cliff,Starfell Valley,Mondstadt,area_starsnatch_cliff
stormbearer mountains,Stormbearer Mountains,Starfell Valley,Mondstadt,area_stormbearer_mountains
stormbearer point,Stormbearer Point,Starfell Valley,Mondstadt,area_stormbearer_point
thousand winds temple,Thousand Winds Temple,Starfell Valley,Mondstadt,area_thousand_winds_temple
whispering woods,Whispering Woods,Starfell Valley,Mondstadt,area_whispering_woods
------,------,MONDSTADT-WIND,MONDSTADT,------
windwail highland,Windwail Highland,Windwail Highland,Mondstadt,emblem_mondstadt
dawn winery,Dawn Winery,Windwail Highland,Mondstadt,area_dawn_winery
springvale,Springvale,Windwail Highland,Mondstadt,area_springvale
wolvendom,Wolvendom,Windwail Highland,Mondstadt,area_wolvedom
------,------,MONDSTADT-NAMELESS,MONDSTADT,------
nameless island,Nameless Island,Nameless Island,Mondstadt,emblem_mondstadt
entombed city,Entombed City,Dragonspine,Mondstadt,emblem_dragonspine
entombed city - ancient palace,Entombed City - Ancient Palace,Dragonspine,Mondstadt,emblem_dragonspine
entombed city - outskirts,Entombed City - Outskirts,Dragonspine,Mondstadt,emblem_dragonspine
skyfrost nail,Skyfrost Nail,Dragonspine,Mondstadt,emblem_dragonspine
snow-covered path,Snow-Covered Path,Dragonspine,Mondstadt,emblem_dragonspine
starglow cavern,Starglow Cavern,Dragonspine,Mondstadt,emblem_dragonspine
wyrmrest valley,Wyrmrest Valley,Dragonspine,Mondstadt,emblem_dragonspine
------,------,LYUE,------,------
------,------,LYUE-HARBOR,Liyue,------
liyue harbor,Liyue Harbor,Liyue Harbor,Liyue,emblem_liyue
yujing terrace,Yujing Terrace,Liyue Harbor,Liyue,emblem_liyue
wanmin restaurant,Wanmin Restaurant,Liyue Harbor,Liyue,emblem_liyue
northland bank,Northland Bank,Liyue Harbor,Liyue,emblem_liyue
bubu pharmacy,Bubu Pharmacy,Liyue Harbor,Liyue,emblem_liyue
third-round knockout,Third-Round Knockout,Liyue Harbor,Liyue,emblem_liyue
mt tianheng,Mt. Tianheng,Sea of Clouds,Liyue,emblem_liyue
------,------,LYUE-BISHUI,Liyue,------
bishui plain,Bishui Plain,Bishui Plain,Liyue,emblem_liyue
dihua marsh,Dihua Marsh,Bishui Plain,Liyue,emblem_liyue
qingce village,Qingce Village,Bishui Plain,Liyue,emblem_liyue
sal terrae,Sal Terrae,Bishui Plain,Liyue,emblem_liyue
stone gate,Stone Gate,Bishui Plain,Liyue,emblem_liyue
wangshu inn,Wangshu Inn,Bishui Plain,Liyue,emblem_liyue
wangshu inn-balcony,Wangshu Inn - Balcony,Bishui Plain,Liyue,emblem_liyue
wangshu inn-rooftop,Wangshu Inn - Rooftop,Bishui Plain,Liyue,emblem_liyue
wuwang hill,Wuwang Hill,Bishui Plain,Liyue,emblem_liyue
cavern of stone and prickly pears,Cavern of Stone and Prickly Pears,Bishui Plain,Liyue,emblem_liyue
cavern of tranquil light,Cavern of Tranquil Light,Bishui Plain,Liyue,emblem_liyue
------,------,LYUE-LISHA,Liyue,------
lisha,Lisha,Lisha,Liyue,emblem_liyue
dunyu ruins,Dunyu Ruins,Lisha,Liyue,emblem_liyue
lingju pass,Lingju Pass,Lisha,Liyue,emblem_liyue
qingxu pool,Qingxu Pool,Lisha,Liyue,emblem_liyue
tianjiu valley,Tianjiu Valley,Lisha,Liyue,emblem_liyue
chizhang wall,Chizhang Wall,Lisha,Liyue,emblem_liyue
mt aocang,Mt. Aocang,Minlin,Liyue,emblem_liyue
------,------,LYUE-MINLIN,Liyue,------
minlin,Minlin,Minlin,Liyue,emblem_liyue
huaguang stone forest,Huaguang Stone Forest,Minlin,Liyue,emblem_liyue
jueyun karst,Jueyun Karst,Minlin,Liyue,emblem_liyue
mt aozang,Mt. Aozang,Minlin,Liyue,emblem_liyue
mt hulao,Mt. Hulao,Minlin,Liyue,emblem_liyue
nantianmen,Nantianmen,Minlin,Liyue,emblem_liyue
qingyun peak,Qingyun Peak,Minlin,Liyue,emblem_liyue
tianqiu valley,Tianqiu Valley,Minlin,Liyue,emblem_liyue
cuijue slope,Cuijue Slope,Minlin,Liyue,emblem_liyue
------,------,LYUE-QIONGJI,Liyue,------
qiongji estuary,Qiongji Estuary,Qiongji Estuary,Liyue,emblem_liyue
luhua pool,Luhua Pool,Qiongji Estuary,Liyue,emblem_liyue
guili plains,Guili Plains,Qiongji Estuary,Liyue,emblem_liyue
mingyun village,Mingyun Village,Qiongji Estuary,Liyue,emblem_liyue
yaoguang shoal,Yaoguang Shoal,Qiongji Estuary,Liyue,emblem_liyue
------,------,LYUE-GUYUN,Liyue,------
guyun stone forest,Guyun Stone Forest,Guyun Stone Forest,Liyue,emblem_liyue
------,------,LYUE-QIONGJI,Liyue,------
qiongji estuary,Qiongji Estuary,Qiongji Estuary,Liyue,emblem_liyue
luhua pool,Luhua Pool,Qiongji Estuary,Liyue,emblem_liyue
guili plains,Guili Plains,Qiongji Estuary,Liyue,emblem_liyue
mingyun village,Mingyun Village,Qiongji Estuary,Liyue,emblem_liyue
yaoguang shoal,Yaoguang Shoal,Qiongji Estuary,Liyue,emblem_liyue
------,------,LYUE-CHENYU,Liyue,------
chenyu vale,Chenyu Vale,Chenyu Vale,Liyue,emblem_liyue
------,------,CHENYU-SOUTHERN,Liyue,------
adeptus repose,Adeptus's Repose,Chenyu Vale,Liyue,emblem_liyue
chizhang wall,Chizhang Wall,Chenyu Vale,Liyue,emblem_liyue
lingshu courtyard,Lingshu Courtyard,Chenyu Vale,Liyue,emblem_liyue
mt xuanlian,Mt. Xuanlian,Chenyu Vale,Liyue,emblem_liyue
teatree slopes,Teatree Slopes,Chenyu Vale,Liyue,emblem_liyue
yaodie valley,Yaodie Valley,Chenyu Vale,Liyue,emblem_liyue
------,------,CHENYU-UPPER,Liyue,------
mt yaojun,Mt. Yaojun,Chenyu Vale,Liyue,emblem_liyue
yilong wharf,Yilong Wharf,Chenyu Vale,Liyue,emblem_liyue
qiaoying village,Qiaoying Village,Chenyu Vale,Liyue,emblem_liyue
yilong port,Yilong Port,Chenyu Vale,Liyue,emblem_liyue
tea seed orchard,Tea Seed Orchard,Chenyu Vale,Liyue,emblem_liyue
jadeplume terrace,Jadeplume Terrace,Chenyu Vale,Liyue,emblem_liyue
chizhang terrace,Chizhang Terrace,Chenyu Vale,Liyue,emblem_liyue
heizhou lagoon,Heizhou Lagoon,Chenyu Vale,Liyue,emblem_liyue
chenlong cleft,Chenlong Cleft,Chenyu Vale,Liyue,emblem_liyue
jademouth,Jademouth,Chenyu Vale,Liyue,emblem_liyue
mt lingmeng,Mt. Lingmeng,Chenyu Vale,Liyue,emblem_liyue
mt mingyuan,Mt. Mingyuan,Chenyu Vale,Liyue,emblem_liyue
carps rest,Carp's Rest,Chenyu Vale,Liyue,emblem_liyue
chiwang terrace,Chiwang Terrace,Chenyu Vale,Liyue,emblem_liyue
youting valley,Youting Valley,Chenyu Vale,Liyue,emblem_liyue
mt laixin,Mt. Laixin,Chenyu Vale,Liyue,emblem_liyue
------,------,CHASM,LYUE,------
------,------,CHASM-SURFACE,LYUE,------
the chasm,The Chasm,The Chasm,Liyue,emblem_chasm
cinnabar cliff,Cinnabar Cliff,The Chasm,Liyue,emblem_chasm
fuao vale,Fuao Vale,The Chasm,Liyue,emblem_chasm
glaze peak,Glaze Peak,The Chasm,Liyue,emblem_chasm
lumberpick valley,Lumberpick Valley,The Chasm,Liyue,emblem_chasm
the chasm's maw,The Chasm's Maw,The Chasm,Liyue,emblem_chasm
the surface,The Surface,The Chasm,Liyue,emblem_chasm
tiangong gorge,Tiangong Gorge,The Chasm,Liyue,emblem_chasm
------,------,CHASM-UNDERGROUND,LYUE,------
the chasm underground,The Chasm: Underground Mines,The Chasm,Liyue,emblem_chasm
ad-hoc main tunnel,Ad-Hoc Main Tunnel,The Chasm,Liyue,emblem_chasm
nameless ruins,Nameless Ruins,The Chasm,Liyue,emblem_chasm
stony halls,Stony Halls,The Chasm,Liyue,emblem_chasm
the chasm main mining area,The Chasm: Main Mining Area,The Chasm,Liyue,emblem_chasm
underground waterway,Underground Waterway,The Chasm,Liyue,emblem_chasm
the serpents cave,The Serpent's Cave,The Chasm,Liyue,emblem_chasm
stony hills,Stony Hills,The Chasm,Liyue,emblem_chasm
the glowing narrows,The Glowing Narrows,The Chasm,Liyue,emblem_chasm
mawtiyima forest,Mawtiyima Forest,The Chasm,Liyue,emblem_chasm
------,------,INAZUMA,------,------
------,------,INAZUMA-NARUKAMI,INAZUMA,------
tenshukaku,Tenshukaku,Narukami Island,Inazuma,emblem_inazuma
narukami island,Narukami Island,Narukami Island,Inazuma,area_inazuma
amakane island,Amakane Island,Narukami Island,Inazuma,emblem_inazuma
araumi,Araumi,Narukami Island,Inazuma,emblem_inazuma
byakko plain,Byakko Plain,Narukami Island,Inazuma,emblem_inazuma
chinju forest,Chinju Forest,Narukami Island,Inazuma,emblem_inazuma
pseudonatant loci,Pseudonatant Loci,Chinju Forest,Inazuma,emblem_inazuma
ritou island,Ritou Island,Narukami Island,Inazuma,area_ritou
------,------,INAZUMA-CITY,INAZUMA,------
inazuma city,Inazuma City,Narukami Island,Inazuma,area_inazuma
hanamizaka,Hanamizaka,Inazuma City,Inazuma,emblem_inazuma
------,------,INAZUMA-RITOU,INAZUMA,------
ritou,Ritou,Narukami Island,Inazuma,area_ritou
ritou road,Ritou Road,Narukami Island,Inazuma,area_ritou
grand narukami shrine,Grand Narukami Shrine,Narukami Island,Inazuma,emblem_inazuma
jinren island,Jinren Island,Narukami Island,Inazuma,emblem_inazuma
kamisato estate,Kamisato Estate,Narukami Island,Inazuma,emblem_inazuma
konda village,Konda Village,Narukami Island,Inazuma,emblem_inazuma
mt yougou,Mt. Yougou,Narukami Island,Inazuma,emblem_inazuma
ritou,Ritou,Narukami Island,Inazuma,area_ritou
chihu rock,Chihu Rock,Narukami Island,Inazuma,emblem_inazuma
------,------,INAZUMA-KANNAZUKA,INAZUMA,------
kannazuka,Kannazuka,Kannazuka,Inazuma,emblem_inazuma
kujou encampment,Kujou Encampment,Kannazuka,Inazuma,emblem_inazuma
tatarasuna,Tatarasuna,Kannazuka,Inazuma,emblem_inazuma
------,------,INAZUMA-YASHIORI,INAZUMA,------
yashiori island,Yashiori Island,Yashiori Island,Inazuma,emblem_inazuma
fort fujitou,Fort Fujitou,Yashiori Island,Inazuma,emblem_inazuma
fort mumei,Fort Mumei,Yashiori Island,Inazuma,emblem_inazuma
higi village,Higi Village,Yashiori Island,Inazuma,emblem_inazuma
jakotsu mine,Jakotsu Mine,Yashiori Island,Inazuma,emblem_inazuma
musoujin gorge,Musoujin Gorge,Yashiori Island,Inazuma,emblem_inazuma
nazuchi beach,Nazuchi Beach,Yashiori Island,Inazuma,emblem_inazuma
serpents head,Serpent's Head,Yashiori Island,Inazuma,emblem_inazuma
ceremonial site lost in night's dim light,Ceremonial Site Lost in Night's Dim Light,Yashiori Island,Inazuma,emblem_inazuma
------,------,INAZUMA-WATATSUMI,INAZUMA,------
watatsumi island,Watatsumi Island,Watatsumi Island,Inazuma,emblem_inazuma
bourou village,Bourou Village,Watatsumi Island,Inazuma,emblem_inazuma
mouun shrine,Mouun Shrine,Watatsumi Island,Inazuma,emblem_inazuma
sangonomiya shrine,Sangonomiya Shrine,Watatsumi Island,Inazuma,emblem_inazuma
suigetsu pool,Suigetsu Pool,Watatsumi Island,Inazuma,emblem_inazuma
sanctuary of surasthana,Sanctuary of Surasthana,Watatsumi Island,Inazuma,emblem_inazuma
------,------,INAZUMA-SEIRAI,INAZUMA,------
seirai island,Seirai Island,Seirai Island,Inazuma,emblem_inazuma
seiraimaru,Seiraimaru,Seirai Island,Inazuma,emblem_inazuma
amakumo peak,Amakumo Peak,Seirai Island,Inazuma,emblem_inazuma
asase shrine,Asase Shrine,Seirai Island,Inazuma,emblem_inazuma
fort hiraumi,Fort Hiraumi,Seirai Island,Inazuma,emblem_inazuma
koseki village,Koseki Village,Seirai Island,Inazuma,emblem_inazuma
------,------,INAZUMA-TSURUMI,INAZUMA,------
tsurumi island,Tsurumi Island,Tsurumi Island,Inazuma,emblem_inazuma
autake plains,Autake Plains,Tsurumi Island,Inazuma,emblem_inazuma
chirai shrine,Chirai Shrine,Tsurumi Island,Inazuma,emblem_inazuma
moshiri ceremonial site,Moshiri Ceremonial Site,Tsurumi Island,Inazuma,emblem_inazuma
mt kanna,Mt. Kanna,Tsurumi Island,Inazuma,emblem_inazuma
oina beach,Oina Beach,Tsurumi Island,Inazuma,emblem_inazuma
shirikoro peak,Shirikoro Peak,Tsurumi Island,Inazuma,emblem_inazuma
wakukau shoal,Wakukau Shoal,Tsurumi Island,Inazuma,emblem_inazuma
mawtiyima forest,Mawtiyima Forest,Tsurumi Island,Inazuma,emblem_inazuma
------,------,ENKANOMIYA,INAZUMA,------
enkanomiya,Enkanomiya,Enkanomiya,Inazuma,emblem_enkanomiya
dainichi mikoshi,Dainichi Mikoshi,Enkanomiya,Inazuma,emblem_enkanomiya
evernight temple,Evernight Temple,Enkanomiya,Inazuma,emblem_enkanomiya
kunados locus,Kunado's Locus,Enkanomiya,Inazuma,emblem_enkanomiya
the narrows,The Narrows,Enkanomiya,Inazuma,emblem_enkanomiya
the serpents bowels,The Serpent's Bowels,Enkanomiya,Inazuma,emblem_enkanomiya
the serpents heart,The Serpent's Heart,Enkanomiya,Inazuma,emblem_enkanomiya
yachimatahikos locus,Yachimatahiko's Locus,Enkanomiya,Inazuma,emblem_enkanomiya
yachimatahimes locus,Yachimatahime's Locus,Enkanomiya,Inazuma,emblem_enkanomiya
the moon bathed deep,The Moon-Bathed Deep,Enkanomiya,Inazuma,emblem_enkanomiya
the pearlescent palace,The Pearlescent Palace,Enkanomiya,Inazuma,emblem_enkanomiya
the serpents intestine,The Serpent's Intestine,Enkanomiya,Inazuma,emblem_enkanomiya
------,------,SUMERU,------,------
------,------,SUMERU-ARDRAVI,SUMERU,------
ardravi valley,Ardravi Valley,Ardravi Valley,Sumeru,emblem_sumeru
port ormos,Port Ormos,Ardravi Valley,Sumeru,emblem_sumeru
vimara village,Vimara Village,Ardravi Valley,Sumeru,emblem_sumeru
------,------,SUMERU-ASHAVAN,SUMERU,------
ashavan realm,Ashavan Realm,Ashavan Realm,Sumeru,emblem_sumeru
apam woods,Apam Woods,Ashavan Realm,Sumeru,emblem_sumeru
caravan ribat,Caravan Ribat,Ashavan Realm,Sumeru,emblem_sumeru
pardis dhyai,Pardis Dhyai,Ashavan Realm,Sumeru,emblem_sumeru
ruins of dahri,Ruins of Dahri,Ashavan Realm,Sumeru,emblem_sumeru
yasna monument,Yasna Monument,Ashavan Realm,Sumeru,emblem_sumeru
------,------,SUMERU-AVIDYA,SUMERU,------
avidya forest,Avidya Forest,Avidya Forest,Sumeru,emblem_sumeru
chinvat ravine,Chinvat Ravine,Avidya Forest,Sumeru,emblem_sumeru
gandha hill,Gandha Hill,Avidya Forest,Sumeru,emblem_sumeru
gandharva ville,Gandharva Ville,Avidya Forest,Sumeru,emblem_sumeru
sumeru city,Sumeru City,Avidya Forest,Sumeru,emblem_sumeru
grand bazaar - sumeru city,Grand Bazaar - Sumeru City,Avidya Forest,Sumeru,emblem_sumeru
puspa cafe,Puspa Cafe,Sumeru City,Sumeru,emblem_sumeru
akademiya - main building,The Akademiya - Main Building,Sumeru City,Sumeru,emblem_sumeru
lambads tavern,Lambad's Tavern,Sumeru City,Sumeru,emblem_sumeru
zubayr theater,Zubayr Theater,Sumeru City,Sumeru,emblem_sumeru
house of daena - the akademiya,House of Daena - The Akademiya,Sumeru City,Sumeru,emblem_sumeru
treasures street - sumeru city,Treasures Street - Sumeru City,Avidya Forest,Sumeru,emblem_sumeru
akademiya - sumeru city,The Akademiya - Sumeru City,Avidya Forest,Sumeru,emblem_sumeru
yazadaha pool,Yazadaha Pool,Avidya Forest,Sumeru,emblem_sumeru
------,------,SUMERU-LOKAPALA,SUMERU,------
lokapaka jungle,Lokapaka Jungle,Lokapaka Jungle,Sumeru,emblem_sumeru
bayda harbor,Bayda Harbor,Lokapaka Jungle,Sumeru,emblem_sumeru
chatrakam cave,Chatrakam Cave,Lokapaka Jungle,Sumeru,emblem_sumeru
mawtiyima forest,Mawtiyima Forest,Lokapaka Jungle,Sumeru,emblem_sumeru
the palace of alcazarzaray,The Palace of Alcazarzaray,Lokapala Jungle,Sumeru,emblem_sumeru
aranaga's little garden,Aranaga's Little Garden,Lokapaka Jungle,Sumeru,emblem_sumeru
------,------,SUMERU-LOSTNURSERY,SUMERU,------
lost nursery,Lost Nursery,Lost Nursery,Sumeru,emblem_sumeru
amrita-nourished nest,Amrita-Nourished Nest,Lost Nursery,Sumeru,emblem_sumeru
------,------,VANARANA,SUMERU,------
vanarana,Vanarana,Vanarana,Sumeru,emblem_sumeru
old vanarana,Old Vanarana,Vanarana,Sumeru,emblem_sumeru
------,------,VANARANA-MAIN,VANARANA,------
apam woods,Apam Woods,Vanarana,Sumeru,emblem_sumeru
caravan ribat,Caravan Ribat,Vanarana,Sumeru,emblem_sumeru
pardis dhyai,Pardis Dhyai,Vanarana,Sumeru,emblem_sumeru
--------,------,VANARANA-ENTRANCE,VANARANA,------
devantaka mountain,Devantaka Mountain,Vanarana,Sumeru,emblem_sumeru
------,------,SUMERU-VISSUDHA,SUMERU,------
vissudha field,Vissudha Field,Vissudha Field,Sumeru,emblem_sumeru
fane of ashvattha,Fane of Ashvattha,Vissudha Field,Sumeru,emblem_sumeru
------,------,GREATREDSAND,------,------
------,------,GREATREDSAND-HADRAMAVETH,GREATREDSAND,------
desert of hadramaveth,Desert of Hadramaveth,Desert of Hadramaveth,Great Red Sand,emblem_great_red_sand
gurabad's ruin - temple of deshret,Gurabad's Ruin - Temple of Deshret,Desert of Hadramaveth,Great Red Sand,emblem_great_red_sand
the temples forsaken - wadi al-majuj,The Temples Forsaken - Wadi Al-Majuj,Desert of Hadramaveth,Great Red Sand,emblem_great_red_sand
debris of panjvahe,Debris of Panjvahe,Desert of Hadramaveth,Great Red Sand,emblem_great_red_sand
dunes of steel,Dunes of Steel,Desert of Hadramaveth,Great Red Sand,emblem_great_red_sand
mt damavand,Mt. Damavand,Desert of Hadramaveth,Great Red Sand,emblem_great_red_sand
bayt al-sukr,Bayt Al-Sukr - Mt. Damavand,Desert of Hadramaveth,Great Red Sand,emblem_great_red_sand
bayt al-muazzam,Bayt Al-Muazzam - Mt. Damavand,Desert of Hadramaveth,Great Red Sand,emblem_great_red_sand
bayt al-hayah,Bayt Al-Hayah - Mt. Damavand,Desert of Hadramaveth,Great Red Sand,emblem_great_red_sand
passage of ghouls,Passage of Ghouls,Desert of Hadramaveth,Great Red Sand,emblem_great_red_sand
qusayr al-inkhida,Qusayr Al-Inkhida',Desert of Hadramaveth,Great Red Sand,emblem_great_red_sand
qusayr al inkhida,Qusayr Al-Inkhida',Desert of Hadramaveth,Great Red Sand,emblem_great_red_sand
safhe shatranj,Safhe Shatranj,Desert of Hadramaveth,Great Red Sand,emblem_great_red_sand
tanit camps,Tanit Camps,Desert of Hadramaveth,Great Red Sand,emblem_great_red_sand
the sands of al-azif,The Sands of Al-Azif,Desert of Hadramaveth,Great Red Sand,emblem_great_red_sand
the sands of three canals,The Sands of Three Canals,Desert of Hadramaveth,Great Red Sand,emblem_great_red_sand
wadi al-majuj,Wadi Al-Majuj,Desert of Hadramaveth,Great Red Sand,emblem_great_red_sand
wadi al majuj,Wadi Al-Majuj,Desert of Hadramaveth,Great Red Sand,emblem_great_red_sand
wounded shin valley,Wounded Shin Valley,Desert of Hadramaveth,Great Red Sand,emblem_great_red_sand
------,------,GREATREDSAND-HYPOSTYLE,GREATREDSAND,------
hypostyle desert,Hypostyle Desert,Vissudha Field,Great Red Sand,emblem_great_red_sand
khemenu temple,Khemenu Temple,Hypostyle Desert,Great Red Sand,emblem_great_red_sand
sobek oasis,Sobek Oasis,Hypostyle Desert,Great Red Sand,emblem_great_red_sand
the dune of carouses,The Dune of Carouses,Hypostyle Desert,Great Red Sand,emblem_great_red_sand
the dune of elusion,The Dune of Elusion,Hypostyle Desert,Great Red Sand,emblem_great_red_sand
the dune of magma,The Dune of Magma,Hypostyle Desert,Great Red Sand,emblem_great_red_sand
mausoleum of king,The Mausoleum of King Deshret,Hypostyle Desert,Great Red Sand,emblem_great_red_sand
------,------,GREATREDSAND-LOWERSETEKH,GREATREDSAND,------
land of lower setekh,Land of Lower Setekh,Land of Lower Setekh,Great Red Sand,emblem_great_red_sand
aaru village,Aaru Village,Land of Lower Setekh,Great Red Sand,emblem_great_red_sand
abdju pit,Abdju Pit,Land of Lower Setekh,Great Red Sand,emblem_great_red_sand
dar al-shifa,Dar al-Shifa,Land of Lower Setekh,Great Red Sand,emblem_great_red_sand
dar al shifa,Dar al-Shifa,Land of Lower Setekh,Great Red Sand,emblem_great_red_sand
khaj-nisut,Khaj-Nisut,Land of Lower Setekh,Great Red Sand,emblem_great_red_sand
khaj nisut,Khaj-Nisut,Land of Lower Setekh,Great Red Sand,emblem_great_red_sand
eye of the sands,Eye of the Sands, Land of Lower Setekh,Great Red Sand,emblem_great_red_sand
------,------,GREATREDSAND-UPPERSETEKH,GREATREDSAND,------
land of upper setekh,Land of Upper Setekh,Land of Upper Setekh,Great Red Sand,emblem_great_red_sand
valley of dahri,Valley of Dahri,Land of Upper Setekh,Great Red Sand,emblem_great_red_sand
------,------,GIRDLEOFSANDS,------,------
------,------,GIRDLEOFSANDS-GAVIREH,GIRDLEOFSANDS,------
gavireh lajavard,Gavireh Lajavard,Gavireh Lajavard,Girdle of the Sands,emblem_girdle_of_the_sands
gate of zulqarnain,Gate of Zulqarnain,Gavireh Lajavard,Girdle of the Sands,emblem_girdle_of_the_sands
temir mountains,Temir Mountains,Gavireh Lajavard,Girdle of the Sands,emblem_girdle_of_the_sands
tunigi hollow,Tunigi Hollow,Gavireh Lajavard,Girdle of the Sands,emblem_girdle_of_the_sands
molten iron fortress,Molten Iron Fortress,Gavireh Lajavard,Girdle of the Sands,emblem_girdle_of_the_sands
------,------,GIRDLEOFSANDS-FARAKHKERT,GIRDLEOFSANDS,------
realm of farakhkert,Realm of Farakhkert,Realm of Farakhkert,Girdle of the Sands,emblem_girdle_of_the_sands
asipattravana swamp,Asipattravana Swamp,Realm of Farakhkert,Girdle of the Sands,emblem_girdle_of_the_sands
hills of barsom,Hills of Barsom,Realm of Farakhkert,Girdle of the Sands,emblem_girdle_of_the_sands
samudra coast,Samudra Coast,Realm of Farakhkert,Girdle of the Sands,emblem_girdle_of_the_sands
vourukasha oasis,Vourukasha Oasis,Realm of Farakhkert,Girdle of the Sands,emblem_girdle_of_the_sands
elysium's final treasure,Elysium's Final Treasure,Realm of Farakhkert,Girdle of the Sands,emblem_girdle_of_the_sands
------,------,FONTAINE,------,------
------,------,FONTAINE-COURT,FONTAINE,------
court of fontaine region,Court of Fontaine Region,Court of Fontaine Region,Fontaine,emblem_fontaine
------,------,COURT-MAIN,COURT,------
palais mermonia,Palais Mermonia,Court of Fontaine Region,Fontaine,emblem_fontaine
opera epiclese,Opera Epiclese,Court of Fontaine Region,Fontaine,emblem_fontaine
hotel debord,Hotel Debord,Court of Fontaine Region,Fontaine,emblem_fontaine
cafe lucerne,Cafe Lucerne,Court of Fontaine Region,Fontaine,emblem_fontaine
steambird casino,The Steambird Casino,Court of Fontaine Region,Fontaine,emblem_fontaine
furinas apartment,Furina's Apartment,Court of Fontaine Region,Fontaine,emblem_fontaine
------,------,COURT-QUARTIERS,COURT,------
fleuve cendre,Court of Fontaine: Fleuve Cendre,Court of Fontaine Region,Fontaine,emblem_fontaine
lyonnais,Court of Fontaine: Quartier Lyonnais,Court of Fontaine Region,Fontaine,emblem_fontaine
narbonnais,Court of Fontaine: Quartier Narbonnais,Court of Fontaine Region,Fontaine,emblem_fontaine
vasari passage,Court of Fontaine: Vasari Passage,Court of Fontaine Region,Fontaine,emblem_fontaine
------,------,COURT-OTHER,COURT,------
annapausis,Annapausis,Court of Fontaine Region,Fontaine,emblem_fontaine
chemin de lespoir,Chemin de L'Espoir,Court of Fontaine Region,Fontaine,emblem_fontaine
fountain of lucine,Fountain of Lucine,Court of Fontaine Region,Fontaine,emblem_fontaine
institute of natural philosophy,Institute of Natural Philosophy,Court of Fontaine Region,Fontaine,emblem_fontaine
marcotte station,Marcotte Station,Court of Fontaine Region,Fontaine,emblem_fontaine
salacia plain,Salacia Plain,Court of Fontaine Region,Fontaine,emblem_fontaine
thalatta submarine canyon,Thalatta Submarine Canyon,Court of Fontaine Region,Fontaine,emblem_fontaine
court of dew and springs,Court of Dew and Springs,Court of Fontaine Region,Fontaine,emblem_fontaine
------,------,FONTAINE-BELLEAU,FONTAINE,------
belleau,Belleau Region,Belleau Region,Fontaine,emblem_fontaine
poisson,Poisson,Belleau Region,Fontaine,emblem_fontaine
romaritime harbor,Romaritime Harbor,Belleau Region,Fontaine,emblem_fontaine
west Slopes of Mont Automnequi,West Slopes of Mont Automnequi,Belleau Region,Fontaine,emblem_fontaine
------,------,FONTAINE-BERYL,FONTAINE,------
beryl region,Beryl Region,Beryl Region,Fontaine,emblem_fontaine
------,------,BERYL-MAIN,BERYL,------
elynas,Elynas,Beryl Region,Fontaine,emblem_fontaine
merusea village,Merusea Village,Beryl Region,Fontaine,emblem_fontaine
------,------,BERYL-UNDERGROUND,BERYL,------
a lonely place,A Lonely Place,Beryl Region,Fontaine,emblem_fontaine
a very bright place,A Very Bright Place,Beryl Region,Fontaine,emblem_fontaine
a very warm place,A Very Warm Place,Beryl Region,Fontaine,emblem_fontaine
elton trench,Elton Trench,Beryl Region,Fontaine,emblem_fontaine
------,------,FONTAINE-COURT,FONTAINE,------
hotel debord,Hotel Debord,Court of Fontaine Region,Fontaine,emblem_fontaine
cafe lucerne,Cafe Lucerne,Court of Fontaine Region,Fontaine,emblem_fontaine
steambird casino,The Steambird Casino,Court of Fontaine Region,Fontaine,emblem_fontaine
furinas apartment,Furina's Apartment,Court of Fontaine Region,Fontaine,emblem_fontaine
------,------,FONTAINE-LIFFEY,Fontaine,------
liffey,Liffey Region,Liffey Region,Fontaine,emblem_fontaine
fortress of meropide,fortress of meropide,Liffey Region,Fontaine,emblem_fontaine
mont esus east,Mont Esus East,Liffey Region,Fontaine,emblem_fontaine
------,------,FONTAINE-RESEARCH,Fontaine,------
research institute of kinetic energy engineering region,Fontaine Research Institute of Kinetic Energy Engineering Region,Fontaine Research Institute of Kinetic Energy Engineering Region,Fontaine,emblem_fontaine
central laboratory ruins,Central Laboratory Ruins,Fontaine Research Institute of Kinetic Energy Engineering Region,Fontaine,emblem_fontaine
new fontaine research institute,New Fontaine Research Institute,Fontaine Research Institute of Kinetic Energy Engineering Region,Fontaine,emblem_fontaine
mary-ann memorial park,Mary-Ann Memorial Park,Fontaine Research Institute of Kinetic Energy Engineering Region,Fontaine,emblem_fontaine
maryann memorial park,Mary-Ann Memorial Park,Fontaine Research Institute of Kinetic Energy Engineering Region,Fontaine,emblem_fontaine
memorial park,Mary-Ann Memorial Park,Fontaine Research Institute of Kinetic Energy Engineering Region,Fontaine,emblem_fontaine
academic assembly hall,Academic Assembly Hall,Fontaine Research Institute of Kinetic Energy Engineering Region,Fontaine,emblem_fontaine
------,------,FONTAINE-ERINNYES,Fontaine,------
erinnyes forest,Erinnyes Forest,Erinnyes Forest,Fontaine,emblem_fontaine
foggy forest path,Foggy Forest Path,Erinnyes Forest,Fontaine,emblem_fontaine
loch urania,Loch Urania,Erinnyes Forest,Fontaine,emblem_fontaine
lumidouce harbor,Lumidouce Harbor,Erinnyes Forest,Fontaine,emblem_fontaine
weeping willow of the lake,Weeping Willow of the Lake,Erinnyes Forest,Fontaine,emblem_fontaine
------,------,FONTAINE-MORTE,Fontaine,------
east slopes of mont automnequi,East Slopes of Mont Automnequi,Morte Region,Fontaine,emblem_fontaine
fort charybdis ruins,Fort Charybdis Ruins,Morte Region,Fontaine,emblem_fontaine
genesis of a certain micro universe,Genesis of a Certain Micro-Universe,Morte Region,Fontaine,emblem_fontaine
tower of ipsissimus,Tower of Ipsissimus,Morte Region,Fontaine,emblem_fontaine
faded castle,Faded Castle,Sea of Bygone Eras,Fontaine,emblem_fontaine
------,------,FONTAINE-NOSTOI-SUB,FONTAINE,------
petrichor,Petrichor,Nostoi Region,Fontaine,emblem_fontaine
the rusty rudder,The Rusty Rudder,Erinnyes Forest,Fontaine,emblem_fontaine
faded theater,Faded Theater,Nostoi Region,Fontaine,emblem_fontaine
nostoi region,Nostoi Region,Nostoi Region,Fontaine,emblem_fontaine
------,------,FONTAINE-SEABYGONE,Fontaine,------
sea of bygone eras,Sea of Bygone Eras,Sea of Bygone Eras,Fontaine,emblem_fontaine
------,------,SEABYGONE-CAESAREUM,SEABYGONE,------
caesareum palace,Caesareum Palace,Sea of Bygone Eras,Fontaine,emblem_fontaine
------,------,SEABYGONE-CLIVUS,SEABYGONE,------
clivus capitolinus,Clivus Capitolinus,Sea of Bygone Eras,Fontaine,emblem_fontaine
------,------,SEABYGONE-COLLEGIUM,SEABYGONE,------
collegium phonascorum,Collegium Phonascorum,Sea of Bygone Eras,Fontaine,emblem_fontaine
------,------,SEABYGONE-HORTUS,SEABYGONE,------
hortus euergetis,Hortus Euergetis,Sea of Bygone Eras,Fontaine,emblem_fontaine
------,------,SEABYGONE-INITIUM,SEABYGONE,------
initium iani,Initium Iani,Sea of Bygone Eras,Fontaine,emblem_fontaine
------,------,SEABYGONE-PORTUS,SEABYGONE,------
portus anticus,Portus Anticus,Sea of Bygone Eras,Fontaine,emblem_fontaine
------,------,SEABYGONE-ALTA,SEABYGONE,------
alta semita,Alta Semita,Sea of Bygone Eras,Fontaine,emblem_fontaine
------,------,NATLAN,------,------
------,------,ANCIENT SACRED MOUNTAIN,NATLAN,------
ancient sacred mountain,Ancient Sacred Mountain,Ancient Sacred Mountain,Natlan,emblem_ancient_sacred_mountain
chamber of deliberation,Chamber of Deliberation,Ancient Sacred Mountain,Natlan,emblem_ancient_sacred_mountain
esoteric arrays,Esoteric Arrays,Ancient Sacred Mountain,Natlan,emblem_ancient_sacred_mountain
flame-melding ritual grounds,Flame-Melding Ritual Grounds,Ancient Sacred Mountain,Natlan,emblem_ancient_sacred_mountain
heart of force inversion,Heart of Force Inversion,Ancient Sacred Mountain,Natlan,emblem_ancient_sacred_mountain
pseudostar pedestal,Pseudostar Pedestal,Ancient Sacred Mountain,Natlan,emblem_ancient_sacred_mountain
ruined armament workshop,Ruined Armament Workshop,Ancient Sacred Mountain,Natlan,emblem_ancient_sacred_mountain
sea of shifting sentience,Sea of Shifting Sentience,Ancient Sacred Mountain,Natlan,emblem_ancient_sacred_mountain
summoning hall,Summoning Hall,Ancient Sacred Mountain,Natlan,emblem_ancient_sacred_mountain
------,------,ATOCPAN,NATLAN,------
atocpan,Atocpan,Atocpan,Natlan,emblem_natlan
collective of plenty,Collective of Plenty,Atocpan,Natlan,emblem_natlan
ancient mountain path,Ancient Mountain Path,Atocpan,Natlan,emblem_natlan
fallingstar fields,Fallingstar Fields,Atocpan,Natlan,emblem_natlan
remnants of tetenanco,Remnants of Tetenanco,Atocpan,Natlan,emblem_natlan
skyfire circlet,Skyfire Circlet,Atocpan,Natlan,emblem_natlan
------,------,BASIN OF UNNUMBERED FLAMES,NATLAN,------
basin of unnumbered flames,Basin of Unnumbered Flames,Basin of Unnumbered Flames,Natlan,emblem_natlan
huitztli hill,Huitztli Hill,Basin of Unnumbered Flames,Natlan,emblem_natlan
stadium of the sacred flame,Stadium of the Sacred Flame,Basin of Unnumbered Flames,Natlan,emblem_natlan
------,------,COATEPEC MOUNTAIN,NATLAN,------
coatepec mountain,Coatepec Mountain,Coatepec Mountain,Natlan,emblem_natlan
scions of the canopy,Scions of the Canopy,Coatepec Mountain,Natlan,emblem_natlan
ancestral temple,Ancestral Temple,Coatepec Mountain,Natlan,emblem_natlan
firethief's secret isle,Firethief's Secret Isle,Coatepec Mountain,Natlan,emblem_natlan
teticpac peak,Teticpac Peak,Coatepec Mountain,Natlan,emblem_natlan
------,------,EASYBREEZE HOLIDAY RESORT,NATLAN,------
easybreeze holiday resort,Easybreeze Holiday Resort,Easybreeze Holiday Resort,Natlan,emblem_natlan
brewblossom stores,Brewblossom Stores,Eastbreeze Holiday Resort,Natlan,emblem_natlan
castle joquiratto,Castle Joquiratto,Eastbreeze Holiday Resort,Natlan,emblem_natlan
colorfall cave,Colorfall Cave,Eastbreeze Holiday Resort,Natlan,emblem_natlan
colorfall cliffs,Colorfall Cliffs,Eastbreeze Holiday Resort,Natlan,emblem_natlan
concealed land of enigmas,Concealed Land of Enigmas,Eastbreeze Holiday Resort,Natlan,emblem_natlan
easybreeze market,Eastbreeze Market,Eastbreeze Holiday Resort,Natlan,emblem_natlan
guiztli path,Guiztli Path,Eastbreeze Holiday Resort,Natlan,emblem_natlan
guiztli ridge,Guiztli Ridge,Eastbreeze Holiday Resort,Natlan,emblem_natlan
huha hill,Huha Hill,Eastbreeze Holiday Resort,Natlan,emblem_natlan
tete isle,Tete Isle,Eastbreeze Holiday Resort,Natlan,emblem_natlan
villa guiztli,Villa Guiztli,Eastbreeze Holiday Resort,Natlan,emblem_natlan
tenochtzitoc,Tenochtzitoc,Easybreeze Holiday Resort,Natlan,emblem_natlan
------,------,OCHKANATLAN,NATLAN,------
ochkanatlan,Ochkanatlan,Ochkanatlan,Natlan,emblem_natlan
legendary tonatiuh,Legendary Tonatiuh,Ochkanatlan,Natlan,emblem_natlan
------,------,QUAHUACAN CLIFF,NATLAN,------
quahuacan cliff,Quahuacan Cliff,Quahuacan Cliff,Natlan,emblem_natlan
flower-feather clan,Flower-Feather Clan,Quahuacan Cliff,Natlan,emblem_natlan
malinalco grotto,Malinalco Grotto,Quahuacan Cliff,Natlan,emblem_natlan
------,------,TEQUEMECAN VALLEY,NATLAN,------
tequemecan valley,Tequemecan Valley,Tequemecan Valley,Natlan,emblem_natlan
children of echoes,Children of Echoes,Tequemecan Valley,Natlan,emblem_natlan
sulfurous veins,Sulfurous Veins,Tequemecan Valley,Natlan,emblem_natlan
tepeacac rise,Tepeacac Rise,Tequemecan Valley,Natlan,emblem_natlan
------,------,TEZCATEPETONCO RANGE,NATLAN,------
tezcatepetonco range,Tezcatepetonco Range,Tezcatepetonco Range,Natlan,emblem_natlan
masters of the night-wind,Masters of the Night-Wind,Tezcatepetonco Range,Natlan,emblem_natlan
tecoloapan bay,Tecoloapan Bay,Tezcatepetonco Range,Natlan,emblem_natlan
xalac vale,Xalac Vale,Tezcatepetonco Range,Natlan,emblem_natlan
------,------,TOYAC SPRINGS,NATLAN,------
toyac springs,Toyac Springs,Toyac Springs,Natlan,emblem_natlan
people of the springs,People of the Springs,Toyac Springs,Natlan,emblem_natlan
ameyalco waters,Ameyalco Waters,Toyac Springs,Natlan,emblem_natlan
------,------,NOD-KRAI,------,------
stellafruit grove,Stellafruit Grove,Nod-Krai,Nod-Krai,emblem_nod-krai
borderland shrine of depth,Borderland Shrine of Depth,Nod-Krai,Nod-Krai,emblem_nod-krai
moon mirror mechanism,Moon Mirror Mechanism,Nod-Krai,Nod-Krai,emblem_nod-krai
clever little sniffer moles,Clever Little Sniffer Moles,Nod-Krai,Nod-Krai,emblem_nod-krai
------,------,NOD-KRAI-ASHVEIL,NOD-KRAI,------
ashveil peak,Ashveil Peak,Ashveil Peak,Nod-Krai,emblem_nod-krai
cliffwatch camp,Cliffwatch Camp,Ashveil Peak,Nod-Krai,emblem_nod-krai
dreadshade mire,Dreadshade Mire,Ashveil Peak,Nod-Krai,emblem_nod-krai
favonius keep,Favonius Keep,Ashveil Peak,Nod-Krai,emblem_nod-krai
moonchilds treasures,Moonchild's Treasures,Ashveil Peak,Nod-Krai,emblem_nod-krai
------,------,NOD-KRAI-VOIDSEA,NOD-KRAI,------
voidsea outlook,Voidsea Outlook,Voidsea Outlook,Nod-Krai,emblem_nod-krai
piramida,Piramida,Voidsea Outlook,Nod-Krai,emblem_nod-krai
east of the moon west of the sun,East of the Moon West of the Sun,Voidsea Outlook,Nod-Krai,emblem_nod-krai
the ravens legacy,The Raven's Legacy,Voidsea Outlook,Nod-Krai,emblem_nod-krai
------,------,NOD-KRAI-WAVECHASER,NOD-KRAI,------
wavechaser plain,Wavechaser Plain,Wavechaser Plain,Nod-Krai,emblem_nod-krai
pillar of embla,Pillar of Embla,Wavechaser Plain,Nod-Krai,emblem_nod-krai
lake amsvartnir,Lake Amsvartnir,Wavechaser Plain,Nod-Krai,emblem_nod-krai
the witch's garden,The Witch's Garden,Wavechaser Plain,Nod-Krai,emblem_nod-krai
------,------,LEMPO ISLE,NOD-KRAI,------
lempo isle,Lempo Isle,Lempo Isle,Nod-Krai,emblem_nod-krai
barrowmoss barrens,Barrowmoss Barrens,Lempo Isle,Nod-Krai,emblem_nod-krai
blue amber lake,Blue Amber Lake,Lempo Isle,Nod-Krai,emblem_nod-krai
clink-clank krumkake craftshop,Clink-Clank Krumkake Craftshop,Lempo Isle,Nod-Krai,emblem_nod-krai
eye of kratti,Eye of Kratti,Lempo Isle,Nod-Krai,emblem_nod-krai
nasha town,Nasha Town,Lempo Isle,Nod-Krai,emblem_nod-krai
nothing passage,Nothing Passage,Lempo Isle,Nod-Krai,emblem_nod-krai
northern training ground,Northern Training Ground,Lempo Isle,Nod-Krai,emblem_nod-krai
starsand shoal,Starsand Shoal,Lempo Isle,Nod-Krai,emblem_nod-krai
------,------,HIISI ISLAND,NOD-KRAI,------
sanctum of the oathkeeper,Sanctum of the Oathkeeper,Hiisi Island,Nod-Krai,emblem_nod-krai
hiisi island,Hiisi Island,Hiisi Island,Nod-Krai,emblem_nod-krai
thunderclap reef,Thunderclap Reef,Hiisi Island,Nod-Krai,emblem_nod-krai
frostmoon enclave,Frostmoon Enclave,Hiisi Island,Nod-Krai,emblem_nod-krai
light-bathed platform,Light-Bathed Platform,Hiisi Island,Nod-Krai,emblem_nod-krai
silvermoon hall,Silvermoon Hall,Hiisi Island,Nod-Krai,emblem_nod-krai
------,------,PAHA ISLE,NOD-KRAI,------
north harbor,North Harbor,Paha Isle,Nod-Krai,emblem_nod-krai
south harbor,South Harbor,Paha Isle,Nod-Krai,emblem_nod-krai
paha isle,Paha Isle,Paha Isle,Nod-Krai,emblem_nod-krai
final night cemetery,Final Night Cemetery,Paha Isle,Nod-Krai,emblem_nod-krai
maroon basin,Maroon Basin,Paha Isle,Nod-Krai,emblem_nod-krai
kuuvahki experimental design bureau,Kuuvahki Experimental Design Bureau,Paha Isle,Nod-Krai,emblem_nod-krai
------,------,SNEZHNAYA,------,------
------,------,SNEZHNAYA-GRAD,SNEZHNAYA,------
snezhnograd,Snezhnograd,Snezhnograd,Snezhnaya,emblem_snezhnaya
zapolyarny palace,Zapolyarny Palace,Snezhnograd,Snezhnaya,emblem_snezhnaya
------,------,SNEZHNAYA-VOLKODLAK,SNEZHNAYA,------
volkodlak tundra,Volkodlak Tundra,Volkodlak Tundra,Snezhnaya,emblem_snezhnaya
------,------,SNEZHNAYA-BIRCH,SNEZHNAYA,------
white birch snowgrave,White Birch Snowgrave,White Birch Snowgrave,Snezhnaya,emblem_snezhnaya
------,------,SNEZHNAYA-EVERFROZEN,SNEZHNAYA,------
everfrozen earth,Everfrozen Earth,Everfrozen Earth,Snezhnaya,emblem_snezhnaya
------,------,SNEZHNAYA-FLAMEFEATHER,SNEZHNAYA,------
flamefeather valley,Flamefeather Valley,Flamefeather Valley,Snezhnaya,emblem_snezhnaya
------,------,SNEZHNAYA-FELLFROST,SNEZHNAYA,------
fellfrost peak,Fellfrost Peak,Fellfrost Peak,Snezhnaya,emblem_snezhnaya
------,------,MONDSTADT-DORNMAN,MONDSTADT,------
dornman port,Dornman Port,Dornman Port,Mondstadt,emblem_mondstadt
windrest peak,Windrest Peak,Dornman Port,Mondstadt,emblem_mondstadt
temple of space,Temple of Space,Dornman Port,Mondstadt,emblem_mondstadt
luyang academy,Luyang Academy,Temple of Space,Mondstadt,emblem_mondstadt
desert pavilion,Desert Pavilion,Temple of Space,Mondstadt,emblem_mondstadt
mahavaipulya chamber,Mahavaipulya Chamber,Temple of Space,Mondstadt,emblem_mondstadt
pillar hall,Pillar Hall,Temple of Space,Mondstadt,emblem_mondstadt
memory core,Memory Core,Temple of Space,Mondstadt,emblem_mondstadt
millhaven,Millhaven,Dornman Port,Mondstadt,emblem_mondstadt
old sanatorium site,Old Sanatorium Site,Dornman Port,Mondstadt,emblem_mondstadt
devils cut,Devil's Cut,Dornman Port,Mondstadt,emblem_mondstadt
knights of favonius ruins,Knights of Favonius Ruins,Dornman Port,Mondstadt,emblem_mondstadt
zapolyarny palace,Zapolyarny Palace,Snezhnaya,Snezhnaya,emblem_snezhnaya
------,------,SNEZHNAYA-MOREPSYOKOYES,SNEZHNAYA,------
morepsokoyes,Morepsokoyes,Morepsokoyes,Snezhnaya,emblem_snezhnaya
------,------,MOON,------,------
------,------,FROST-MOON,MOON,------
frost moon,Frost Moon,Frost Moon,Moon,emblem_moon
------,------,FROSTMOON-DUNANNA,FROSTMOON,------
dunanna forward station,Dunanna Forward Station,Frost Moon,Moon,emblem_moon
dunanna pit,Dunanna Pit,Frost Moon,Moon,emblem_moon
------,------,FROSTMOON-HIGHLANDS,FROSTMOON,------
lunar highlands,Lunar Highlands,Frost Moon,Moon,emblem_moon
------,------,FROSTMOON-UNGIEN,FROSTMOON,------
ungiens circle,Ungien's Circle,Frost Moon,Moon,emblem_moon
------,------,FROSTMOON-MOONTIDE,FROSTMOON,------
moontide sea,Moontide Sea,Frost Moon,Moon,emblem_moon
curtain form blackbody containment lab,Curtain-Form Blackbody Containment Lab,Frost Moon,Moon,emblem_moon
------,------,FROSTMOON-DARK,FROSTMOON,------
dark side of the moon,Dark Side of the Moon,Frost Moon,Moon,emblem_moon
------,------,EVENT-AREAS,------,------
------,------,GOLDEN-APPLE,EVENT-AREAS,------
golden apple archipelago,Golden Apple Archipelago,Golden Apple Archipelago,Event Areas,emblem_golden_apple
twinning isle,Twinning Isle,Golden Apple Archipelago,Event Areas,emblem_golden_apple
pudding isle,Pudding Isle,Golden Apple Archipelago,Event Areas,emblem_golden_apple
broken isle,Broken Isle,Golden Apple Archipelago,Event Areas,emblem_golden_apple
------,------,VELURIYAM-MIRAGE,EVENT-AREAS,------
veluriyam mirage,Veluriyam Mirage,Veluriyam Mirage,Event Areas,emblem_veluriyam
silver bottle courtyard,Silver Bottle Courtyard,Veluriyam Mirage,Event Areas,emblem_veluriyam
overgrown valley,Overgrown Valley,Veluriyam Mirage,Event Areas,emblem_veluriyam
pavilion of hermits,Pavilion of Hermits,Veluriyam Mirage,Event Areas,emblem_veluriyam
thinkers theater,Thinker's Theater,Veluriyam Mirage,Event Areas,emblem_veluriyam
------,------,SIMULANKA,EVENT-AREAS,------
simulanka,Simulanka,Simulanka,Event Areas,emblem_simulanka
toy factory,Toy Factory,Simulanka,Event Areas,emblem_simulanka
forest of dreams,Forest of Dreams,Simulanka,Event Areas,emblem_simulanka
sacred city of tollan,Sacred City of Tollan,Simulanka,Event Areas,emblem_simulanka
------,------,KHAENRIAH,------,------
------,------,KHAENRIAH-RUINS,KHAENRIAH,------
abyssal ruins,Abyssal Ruins,Khaenri'ah,Khaenri'ah,emblem_khaenriah
------,------,OTHER,------,------
------,------,OTHER-TREE,OTHER,------
frostbearing tree,Frost Bearing Tree,Snow-Covered Path,Dragonspine,tree_frostbearing
sacred sakura,Sacred Sakura's Favor,Grand Narukami Shrine,Inazuma,tree_sakura
tree of dreams vanarana,Tree of Dreams,Vanarana,Sumeru,tree_dreams
fountain of lucine,Fountain of Lucine,Court of Fontaine,Fontaine,fountain_lucine
tonas flame, Tona's Flame,Stadium of the Sacred Flame,Natlan,tablet_tonas_flame
tona's flame, Tona's Flame,Stadium of the Sacred Flame,Natlan,tablet_tonas_flame
------,------,OTHER-TAVERN,OTHER,------
cats tail,The Cat's Tail,Starfell Valley,Mondstadt,icon_cats_tail
cat's tail,The Cat's Tail,Starfell Valley,Mondstadt,icon_cats_tail
prince,The Cat's Tail,Starfell Valley,Mondstadt,icon_cats_tail
charles bartender angel's share,Angel's Share,Sharing Stories over a Drink,Angel's Share,icon_angels_share
bartender angel's share,Angel's Share,Sharing Stories over a Drink,Angel's Share,icon_angels_share
------,------,OTHER-TEAPOT,OTHER,------
chubby,Serenitea Pot,,Realm Within,emblem_serenitea_pot
tubby,Serenitea Pot,,Realm Within,emblem_serenitea_pot
floating abode,Serenitea Pot,Floating Abode,Realm Within,emblem_serenitea_pot
emerald peak,Serenitea Pot,Emerald Peak,Realm Within,emblem_serenitea_pot
cool isle,Serenitea Pot,Cool Isle,Realm Within,emblem_serenitea_pot
silken courtyard,Serenitea Pot,Silken Courtyard,Realm Within,emblem_serenitea_pot
sublime spicewood,Serenitea Pot,Sublime Spicewood,Realm Within,emblem_serenitea_pot
------,------,OTHER-SPIRAL,OTHER,------
spiral abyss,Spiral Abyss,Musk Reef,Mondstadt,spiral_abyss
------,------,OTHER-ADVENTURE,OTHER,------
katheryne,while talking to Katheryne about your journey so far,Adventurers's Guild,Teyvat,icon_adventurers_guild
katheryne receptionist adventurers guild,while talking to Katheryne about your journey so far,Adventurers's Guild,Teyvat,icon_adventurers_guild
